IS(M),pH,Keq
0.149,9.0,1.71644E-06
0.174,9.0,5.46139E-07
0.1994,9.0,2.45762E-07
0.224,9.0,1.24832E-07
0.25,9.0,6.43663E-08
