IS (M),k_prime,k_prime_std
0.11774525,72.3289894396465,
0.143217,31.022021165155696,
0.1941605,6.16508070768963,
0.245104,1.61890825663948,
0.2960475,0.6817354670863239,
