IS (M),k_prime,k_prime_std
0.06680175,5.27904475040093,
0.08004706,2.84607990720297,
0.0922735,1.66605384976707,
0.11774525,0.73845029889211,
0.143217,0.359558971237872,
