IS (M),k_prime,k_prime_std
0.14322,41.46494,
0.19416,6.79257,
0.2451,1.8089,
0.29605,0.80145,
