IS (M),k_prime,k_prime_std
0.0922735,16.1872305676105,
0.11774525,4.8354358910259405,
0.143217,2.37094542256877,
0.1941605,0.5182939826724899,
0.245104,0.059042201057939,
