IS (M),k_prime,k_prime_std
0.0922735,13.947818769177198,
0.11774525,7.8787240229618885,
0.143217,2.62924383428952,
0.1941605,0.72913441162523,
0.245104,0.40340921995657103,
