IS (M),k_prime,k_prime_std
0.11775,15.58708,
0.14322,4.44376,
0.19416,1.1491,
0.2451,0.39022,
